{"cameraMode":{"drawMode":0,"name":"Shaded","section":"Shading Mode"},"sceneLighting":true,"audioPlay":false,"sceneViewState":{"m_AlwaysRefresh":false,"showFog":true,"showSkybox":true,"showFlares":true,"showImageEffects":true,"showParticleSystems":true,"showVisualEffectGraphs":true,"m_FxEnabled":true},"in2DMode":false,"pivot":{"x":-5.066619873046875,"y":1.669771671295166,"z":-9.009926795959473},"rotation":{"x":-0.17926734685897828,"y":-0.02713787369430065,"z":0.004941065330058336,"w":-0.9834237694740295},"size":3.4629287719726564,"orthographic":false}